downloaded	https://huggingface.co/DeepBeepMeep/LTX-2/resolve/main/ltx-2.3-22b-distilled-Q4_K_M_light.gguf	/home/straughter/Wan2GP/ckpts/ltx-2.3-22b-distilled-Q4_K_M_light.gguf	12971904032	e324dbdacfc228e02e79e2f952c8274b16ba155d029db5f9abdd55a311325208
downloaded	https://huggingface.co/DeepBeepMeep/LTX-2/resolve/main/gemma-3-12b-it-qat-q4_0-unquantized/gemma-3-12b-it-qat-q4_0-unquantized_quanto_bf16_int8.safetensors	/home/straughter/Wan2GP/ckpts/gemma-3-12b-it-qat-q4_0-unquantized/gemma-3-12b-it-qat-q4_0-unquantized_quanto_bf16_int8.safetensors	13210647730	1fad55b5df6c660c7982985c8ced76369114b1d31bbec93fbecc66a8bf30f36a
downloaded	https://huggingface.co/DeepBeepMeep/LTX-2/resolve/main/ltx-2.3-22b_vae.safetensors	/home/straughter/Wan2GP/ckpts/ltx-2.3-22b_vae.safetensors	1452263226	646b77e252d08ec3a6e24fccb4bf53c80c7cf52025272f155f30fe2b84f0e1d4
downloaded	https://huggingface.co/DeepBeepMeep/LTX-2/resolve/main/ltx-2.3-22b_audio_vae.safetensors	/home/straughter/Wan2GP/ckpts/ltx-2.3-22b_audio_vae.safetensors	106538084	c99a673c32ad0f7f6349df58466c0a1c2f398e314484a33988794322375cbde4
downloaded	https://huggingface.co/DeepBeepMeep/LTX-2/resolve/main/ltx-2.3-22b_vocoder.safetensors	/home/straughter/Wan2GP/ckpts/ltx-2.3-22b_vocoder.safetensors	258347744	3624e13fcf9fa8b2a1437bd9eb628c3a436282125e9e28ca1071142a4946e3f5
downloaded	https://huggingface.co/DeepBeepMeep/LTX-2/resolve/main/ltx-2.3-22b_text_embedding_projection.safetensors	/home/straughter/Wan2GP/ckpts/ltx-2.3-22b_text_embedding_projection.safetensors	2312151888	985bba2295af346ac74b627afc8d27f4b5f277fb20c87968d569b4bb5d7fd28f
downloaded	https://huggingface.co/DeepBeepMeep/LTX-2/resolve/main/ltx-2.3-22b_embeddings_connector.safetensors	/home/straughter/Wan2GP/ckpts/ltx-2.3-22b_embeddings_connector.safetensors	4032404584	eb37b1ec8024a311e863bcf5a684bdb6c64707216c3754c6f4078eae908d0600
downloaded	https://huggingface.co/DeepBeepMeep/LTX-2/resolve/main/ltx-2.3-spatial-upscaler-x2-1.1.safetensors	/home/straughter/Wan2GP/ckpts/ltx-2.3-spatial-upscaler-x2-1.1.safetensors	995743560	5f416311fa8172b65af67530758964708d29a317b830d689a51143b7f91913ed
downloaded	https://huggingface.co/DeepBeepMeep/LTX-2/resolve/main/gemma-3-12b-it-qat-q4_0-unquantized/added_tokens.json	/home/straughter/Wan2GP/ckpts/gemma-3-12b-it-qat-q4_0-unquantized/added_tokens.json	35	50b2f405ba56a26d4913fd772089992252d7f942123cc0a034d96424221ba946
downloaded	https://huggingface.co/DeepBeepMeep/LTX-2/resolve/main/gemma-3-12b-it-qat-q4_0-unquantized/chat_template.json	/home/straughter/Wan2GP/ckpts/gemma-3-12b-it-qat-q4_0-unquantized/chat_template.json	1615	fe16baf728db49457cde32802cd7efc0ac8a7a9877dbe22fe3322b2d9dc6ccd9
downloaded	https://huggingface.co/DeepBeepMeep/LTX-2/resolve/main/gemma-3-12b-it-qat-q4_0-unquantized/config_light.json	/home/straughter/Wan2GP/ckpts/gemma-3-12b-it-qat-q4_0-unquantized/config_light.json	907	c425c32bd6ea9ef8542ca0567fb903be7b728dc3b454d2511adecfc85978bb5c
downloaded	https://huggingface.co/DeepBeepMeep/LTX-2/resolve/main/gemma-3-12b-it-qat-q4_0-unquantized/generation_config.json	/home/straughter/Wan2GP/ckpts/gemma-3-12b-it-qat-q4_0-unquantized/generation_config.json	173	13da6aad6852a008419f46df754b3452fc96387a4213c25811509d474e5a4776
downloaded	https://huggingface.co/DeepBeepMeep/LTX-2/resolve/main/gemma-3-12b-it-qat-q4_0-unquantized/preprocessor_config.json	/home/straughter/Wan2GP/ckpts/gemma-3-12b-it-qat-q4_0-unquantized/preprocessor_config.json	570	f688d6bb20c5017601c4011de7ca656da8485b540b05013efdaf986c0fcc918d
downloaded	https://huggingface.co/DeepBeepMeep/LTX-2/resolve/main/gemma-3-12b-it-qat-q4_0-unquantized/processor_config.json	/home/straughter/Wan2GP/ckpts/gemma-3-12b-it-qat-q4_0-unquantized/processor_config.json	70	3ffd5f11778dc73e2b69b3c00535e4121e1badf7018136263cd17b5b34fbaa53
downloaded	https://huggingface.co/DeepBeepMeep/LTX-2/resolve/main/gemma-3-12b-it-qat-q4_0-unquantized/special_tokens_map.json	/home/straughter/Wan2GP/ckpts/gemma-3-12b-it-qat-q4_0-unquantized/special_tokens_map.json	662	2f7b0adf4fb469770bb1490e3e35df87b1dc578246c5e7e6fc76ecf33213a397
downloaded	https://huggingface.co/DeepBeepMeep/LTX-2/resolve/main/gemma-3-12b-it-qat-q4_0-unquantized/tokenizer.json	/home/straughter/Wan2GP/ckpts/gemma-3-12b-it-qat-q4_0-unquantized/tokenizer.json	33384570	7d4046bf0505a327dd5a0abbb427ecd4fc82f99c2ceaa170bc61ecde12809b0c
downloaded	https://huggingface.co/DeepBeepMeep/LTX-2/resolve/main/gemma-3-12b-it-qat-q4_0-unquantized/tokenizer.model	/home/straughter/Wan2GP/ckpts/gemma-3-12b-it-qat-q4_0-unquantized/tokenizer.model	4689074	1299c11d7cf632ef3b4e11937501358ada021bbdf7c47638d13c0ee982f2e79c
downloaded	https://huggingface.co/DeepBeepMeep/LTX-2/resolve/main/gemma-3-12b-it-qat-q4_0-unquantized/tokenizer_config.json	/home/straughter/Wan2GP/ckpts/gemma-3-12b-it-qat-q4_0-unquantized/tokenizer_config.json	1157001	31e860fdfa360fa5aa58fe93252799facde5a52d1352f77d45978ab2a7e9eeb1
link	existing-temporal-upscaler	/home/straughter/Wan2GP/ckpts/ltx-2.3-temporal-upscaler-x2-1.0.safetensors	261944000	2bc3300f2b3c3c1834d72164fbf13a3b9fd73e5a741e8a2c3f4035f89a75c3fe
